constParams1.beta deg,globalForce1.F N,time s,revoluteJoint3.phiRel rad,prismaticJoint1.xRel m
10.0,90,1.82899999999991,1.57053744028591,0.970374377987422
10.5,90,1.70799999999992,1.5708492126624,0.754976254284758
11.0,90,1.62299999999993,1.57092292608759,0.614469204337668
11.5,90,1.55799999999994,1.57235116149925,0.513623098975241
12.0,90,1.50399999999995,1.56914889165297,0.433748325726966
10.0,90.25,1.83699999999991,1.57183407625883,0.99061443603883
10.5,90.25,1.71299999999992,1.57078432972852,0.768035246115007
11.0,90.25,1.62699999999993,1.57175217247467,0.625058937316009
11.5,90.25,1.56099999999994,1.57240678707295,0.521983107990866
12.0,90.25,1.50699999999994,1.57094466192946,0.441865522539252
10.0,90.5,1.84499999999991,1.57241868051461,1.01082363938861
10.5,90.5,1.71799999999992,1.57043095212813,0.781148444554231
11.0,90.5,1.63099999999993,1.57247718849944,0.635722403035112
11.5,90.5,1.56399999999994,1.57237209133475,0.530355307837929
12.0,90.5,1.50899999999994,1.56926596396305,0.448104290086847
10.0,90.75,1.85299999999991,1.57232166515697,1.03113963723586
10.5,90.75,1.72299999999992,1.56973719565583,0.794312739206164
11.0,90.75,1.63399999999993,1.56962687783897,0.64436662728212
11.5,90.75,1.56699999999994,1.57223072338108,0.538751171201343
12.0,90.75,1.51199999999994,1.57091340302884,0.456267416821262
10.0,91,1.86099999999991,1.5714656333556,1.05150440175603
10.5,91,1.72899999999992,1.57216976935792,0.809637169299342
11.0,91,1.63799999999993,1.57000506558198,0.655079718748052
11.5,91,1.56999999999994,1.57198107349565,0.547171011149922
12.0,91,1.51499999999994,1.57250777386947,0.464494081649268
10.0,91.25,1.8689999999999,1.57007854355576,1.07197091699121
10.5,91.25,1.73399999999992,1.5708551734224,0.822875751333535
11.0,91.25,1.64199999999993,1.57027146387186,0.66583833541399
11.5,91.25,1.57299999999994,1.5716201587329,0.555614381306404
12.0,91.25,1.51699999999994,1.57058640025134,0.470749764728367
10.0,91.5,1.8779999999999,1.57096067991612,1.09477521847569
10.5,91.5,1.73899999999992,1.56921344575696,0.836175326780599
11.0,91.5,1.64599999999993,1.57029827628437,0.676631365960497
11.5,91.5,1.57599999999994,1.57114639522371,0.564080357369578
12.0,91.5,1.51999999999994,1.57202198453395,0.479010940495319
10.0,91.75,1.8869999999999,1.57097082676404,1.11771390616548
10.5,91.75,1.74499999999992,1.57060434453086,0.851677404083719
11.0,91.75,1.64999999999993,1.57013974402809,0.687460070446566
11.5,91.75,1.57899999999994,1.57056027077264,0.572575458233819
12.0,91.75,1.52199999999994,1.56996201580312,0.485326997579162
10.0,92,1.8959999999999,1.5699469949422,1.14083526099385
10.5,92,1.75099999999992,1.57164498520645,0.867253921468822
11.0,92,1.65399999999993,1.56977747400738,0.698369305555033
11.5,92,1.58199999999994,1.56986360467306,0.581106890321778
12.0,92,1.52499999999994,1.57122307206283,0.493603900185215
10.0,92.25,1.9059999999999,1.57136850968964,1.16626623061201
10.5,92.25,1.75699999999992,1.57229098466449,0.882893858610235
11.0,92.25,1.65799999999993,1.56921019367477,0.7092841404483
11.5,92.25,1.58599999999994,1.57245965768615,0.591708459306976
12.0,92.25,1.52799999999994,1.57242348096596,0.501956175841294
10.0,92.5,1.9159999999999,1.57173003282893,1.19184032387075
10.5,92.5,1.76199999999992,1.56916099401219,0.896371684408687
11.0,92.5,1.66299999999993,1.57184161205959,0.722270358244059
11.5,92.5,1.58899999999994,1.57150704258826,0.600288064436123
12.0,92.5,1.52999999999994,1.57010409460453,0.508293669016903
10.0,92.75,1.9259999999999,1.57100232278455,1.21748445331677
10.5,92.75,1.76899999999992,1.57241623975001,0.91433301944839
11.0,92.75,1.66699999999993,1.57085118650116,0.733238125365358
11.5,92.75,1.59199999999994,1.57044069976751,0.608894904606265
12.0,92.75,1.53299999999994,1.57112506474964,0.516659618430642
10.0,93,1.9369999999999,1.57237684947964,1.24568684332609
10.5,93,1.77499999999992,1.57184701939093,0.930134764287269
11.0,93,1.67099999999993,1.56970884938692,0.744286541614661
11.5,93,1.59499999999994,1.56927660977132,0.617571802835797
12.0,93,1.53599999999994,1.57207097715785,0.525071938078848
10.0,93.25,1.9479999999999,1.57241155262727,1.27397196620608
10.5,93.25,1.78099999999991,1.57083315513704,0.945989135569964
11.0,93.25,1.67599999999993,1.5717062845063,0.75744674214922
11.5,93.25,1.59899999999993,1.57132730790807,0.628236715650342
12.0,93.25,1.53799999999994,1.56949695251751,0.531462132715519
10.0,93.5,1.9589999999999,1.57102523201054,1.30238587563457
10.5,93.5,1.78699999999991,1.56937459139495,0.96191344945932
11.0,93.5,1.67999999999993,1.57009949600711,0.768542253392885
11.5,93.5,1.60199999999993,1.5698593611555,0.636905251223459
12.0,93.5,1.54099999999994,1.57026060714394,0.539907200221998
10.0,93.75,1.97099999999989,1.57044075443622,1.33321201327301
10.5,93.75,1.79399999999991,1.57081086840861,0.98014319638294
11.0,93.75,1.68499999999993,1.57165111910704,0.781791237237102
11.5,93.75,1.60599999999993,1.57167806248779,0.647713050869172
12.0,93.75,1.54399999999994,1.57093465634487,0.548368281078308
10.0,94,1.98299999999989,1.56922708732578,1.36436036000199
10.5,94,1.80099999999991,1.57178731244026,0.998437847825467
11.0,94,1.68899999999992,1.56953682287945,0.792980942773167
11.5,94,1.60899999999993,1.56992693405475,0.656436996594477
12.0,94,1.54699999999994,1.57152116505906,0.55687380660563
10.0,94.25,1.99599999999989,1.56954795545326,1.39804517715869
10.5,94.25,1.80799999999991,1.57219456223414,1.01682902729031
11.0,94.25,1.69399999999992,1.57060515860598,0.806351568256861
11.5,94.25,1.61299999999993,1.57141833418609,0.667282556204372
12.0,94.25,1.54999999999994,1.57201315143837,0.565404318620506
10.0,94.5,2.00999999999989,1.57229347051534,1.43450475542642
10.5,94.5,1.81499999999991,1.57161617469544,1.03517615294103
11.0,94.5,1.69899999999992,1.57140807033598,0.819752513251189
11.5,94.5,1.61599999999993,1.56942120809159,0.676117928935714
12.0,94.5,1.55299999999994,1.57240905699772,0.573959743972194
10.0,94.75,2.02399999999989,1.57079613170452,1.47086594100595
10.5,94.75,1.82199999999991,1.57089135979394,1.05369440756009
11.0,94.75,1.70399999999992,1.57189596432816,0.833231035155359
11.5,94.75,1.61999999999993,1.57062868514027,0.687001785142098
12.0,94.75,1.55499999999994,1.56929854962256,0.580521227593262
10.0,95,2.03899999999989,1.57139994274267,1.51007844446393
10.5,95,1.82899999999991,1.56956437158262,1.07230015709172
11.0,95,1.70899999999992,1.57219158654713,0.846744348386637
11.5,95,1.62399999999993,1.57171116116423,0.697976396734938
12.0,95,1.55799999999994,1.56949469257619,0.589112195720397
10.0,95.25,2.05399999999988,1.56935549160839,1.54947925893234
10.5,95.25,1.83699999999991,1.57097573218652,1.09338827912611
11.0,95.25,1.71399999999992,1.57218783866313,0.860311270714468
11.5,95.25,1.62699999999993,1.56924666543854,0.706881064657585
12.0,95.25,1.56099999999994,1.56959104248327,0.597730788917811
10.0,95.5,2.07099999999988,1.57116707283504,1.59420095493981
10.5,95.5,1.84499999999991,1.5716893382487,1.11446378293737
11.0,95.5,1.71899999999992,1.57189199371664,0.873922554515414
11.5,95.5,1.63099999999993,1.56996749673164,0.717857514825116
12.0,95.5,1.56399999999994,1.56954681007091,0.606308359367119
10.0,95.75,2.08799999999988,1.56976195176034,1.63918633814322
10.5,95.75,1.85299999999991,1.57173505939994,1.13563904393015
11.0,95.75,1.72399999999992,1.57129263044657,0.887577268637665
11.5,95.75,1.63499999999993,1.57055819225165,0.728926032236357
12.0,95.75,1.56699999999994,1.56943759496827,0.614982585989326
10.0,96,2.10699999999988,1.57141421773442,1.68954031876052
10.5,96,1.86099999999991,1.57102774189543,1.15689611706551
11.0,96,1.72899999999992,1.57036631726116,0.901279344446806
11.5,96,1.63899999999993,1.5709824547652,0.740039136576326
12.0,96,1.56999999999994,1.56923514475954,0.623725948440859
10.0,96.25,2.12699999999988,1.57198612586145,1.74279513145676
10.5,96.25,1.8689999999999,1.5698000297987,1.17821325752169
11.0,96.25,1.73399999999992,1.5691304950691,0.915030727493162
11.5,96.25,1.64299999999993,1.57123291617413,0.751191639539694
12.0,96.25,1.57399999999994,1.57231994995107,0.634558679553003
10.0,96.5,2.14799999999987,1.57151646182739,1.79905566814193
10.5,96.5,1.8779999999999,1.57083511130926,1.20199677420521
11.0,96.5,1.73999999999992,1.57095212740988,0.931094679318262
11.5,96.5,1.64699999999993,1.57130347316539,0.762378768062925
12.0,96.5,1.57699999999994,1.57187606777114,0.643306301736699
10.0,96.75,2.17099999999987,1.57237891139428,1.86100221539857
10.5,96.75,1.8869999999999,1.57102009024409,1.22592765484916
11.0,96.75,1.74599999999992,1.57243180427154,0.947244675937541
11.5,96.75,1.65099999999993,1.57125388174713,0.773608698632304
12.0,96.75,1.57999999999994,1.57131767460114,0.652077300221613
10.0,97,2.19499999999987,1.57035049467305,1.9260113482427
10.5,97,1.8959999999999,1.5702725685868,1.24996321566223
11.0,97,1.75099999999992,1.57012793332428,0.961132561742535
11.5,97,1.65499999999993,1.57095421017592,0.784864127112165
12.0,97,1.58299999999994,1.57064550178791,0.660877588919317
10.0,97.25,2.22199999999987,1.57088816722879,1.99961315150643
10.5,97.25,1.9059999999999,1.57180825122634,1.27659545239425
11.0,97.25,1.75699999999992,1.57087280083565,0.977382721187579
11.5,97.25,1.65899999999993,1.57046642175993,0.79617323552913
12.0,97.25,1.58599999999994,1.5698688309587,0.669728072349792
10.0,97.5,2.25099999999986,1.56921866710412,2.07931627257563
10.5,97.5,1.9159999999999,1.57238183341386,1.30329298754237
11.0,97.5,1.76299999999992,1.57122823085028,0.993692504182474
11.5,97.5,1.66299999999993,1.56973629098587,0.807512766331361
12.0,97.5,1.58999999999994,1.5723639690961,0.680723461440921
10.0,97.75,2.28399999999986,1.57003444380022,2.17069565489596
10.5,97.75,1.9259999999999,1.57182183590042,1.33009172173094
11.0,97.75,1.76899999999992,1.57117632208724,1.01005837340249
11.5,97.75,1.66799999999993,1.57218905577967,0.821078487629259
12.0,97.75,1.59299999999994,1.57130340892229,0.689565471428936
10.0,98,2.32099999999986,1.57080615306777,2.27418974341944
10.5,98,1.9359999999999,1.57011667222219,1.3570016696714
11.0,98,1.77499999999992,1.57070086937148,1.02647913545234
11.5,98,1.67199999999993,1.57106789944167,0.832472540495313
12.0,98,1.59599999999994,1.57015506401851,0.698493459573591
10.0,98.25,2.36099999999985,1.56922447601011,2.3876393547399
10.5,98.25,1.9469999999999,1.57040540730618,1.38650804287666
11.0,98.25,1.78099999999991,1.56978614911042,1.04295552128626
11.5,98.25,1.67599999999993,1.56974524202565,0.843934251416101
12.0,98.25,1.59999999999993,1.57227358059555,0.709598473231743
10.0,98.5,2.40999999999985,1.5700183173827,2.52807654964673
10.5,98.5,1.9579999999999,1.56930710135842,1.41616999983217
11.0,98.5,1.78799999999991,1.57182725587731,1.06187937668601
11.5,98.5,1.68099999999993,1.57158238572661,0.857653110163187
12.0,98.5,1.60299999999993,1.57084801042058,0.718555446919542
10.0,98.75,2.46899999999984,1.57190592026148,2.69992398526868
10.5,98.75,1.96999999999989,1.57007472573922,1.44847886918706
11.0,98.75,1.79399999999991,1.56997301659951,1.07846761507689
11.5,98.75,1.68499999999993,1.56980039560673,0.869175491040566
12.0,98.75,1.60599999999993,1.5692865704127,0.727532723595118
10.0,99,2.54199999999983,1.57239751776079,2.91688897850458
10.5,99,1.98299999999989,1.57149648022666,1.48340474541441
11.0,99,1.80099999999991,1.57102457476663,1.09752494586382
11.5,99,1.68999999999992,1.57113561453674,0.882994442848402
12.0,99,1.60999999999993,1.57100766219669,0.738758722098487
10.0,99.25,2.63799999999982,1.57015109580555,3.20966438791063
10.5,99.25,1.99599999999989,1.5721937997265,1.51863588174483
11.0,99.25,1.80799999999991,1.57158819781581,1.11662496062742
11.5,99.25,1.69499999999992,1.57226759192994,0.896869037994818
12.0,99.25,1.61299999999993,1.56916081667405,0.7477809811437
10.0,99.5,2.7809999999998,1.570244402418,3.66276187387277
10.5,99.5,2.00899999999989,1.57094118885109,1.55400303799504
11.0,99.5,1.81499999999991,1.57113106995471,1.13571030679826
11.5,99.5,1.69899999999992,1.56976065802115,0.908523630408224
12.0,99.5,1.61699999999993,1.57060118462445,0.759090968217174
10.0,99.75,3.06399999999977,1.57221809659104,4.62229415765137
10.5,99.75,2.02299999999989,1.57187472644659,1.59232466887837
11.0,99.75,1.82199999999991,1.57053397545715,1.15497940954582
11.5,99.75,1.70399999999992,1.57030258534359,0.922500455919097
12.0,99.75,1.62099999999993,1.57181425610204,0.770412250352552
10.0,100,3.12299999999977,-1.56927270300914,6.56658938056937
10.5,100,2.03799999999989,1.5719810040581,1.63316743473621
11.0,100,1.82899999999991,1.56934743618504,1.1743238448045
11.5,100,1.70899999999992,1.57063685005373,0.936500870594878
12.0,100,1.62399999999993,1.56954881655653,0.77954503671696
10.0,100.25,2.76199999999981,-1.57092097216431,5.35681030618639
10.5,100.25,2.05299999999988,1.57049643613895,1.67433885815998
11.0,100.25,1.83699999999991,1.57090042789781,1.19627570763437
11.5,100.25,1.71399999999992,1.57071570149275,0.950526076009367
12.0,100.25,1.62799999999993,1.57050086933259,0.790911043277953
10.0,100.5,2.60399999999982,-1.57042915984635,4.87801904366454
10.5,100.5,2.06899999999988,1.56951141818383,1.71841874302729
11.0,100.5,1.84499999999991,1.57180647110063,1.21824132629567
11.5,100.5,1.71899999999992,1.57049521120451,0.964648021376562
12.0,100.5,1.63199999999993,1.57130573590934,0.802340388901576
10.0,100.75,2.50099999999984,-1.56962802060281,4.58317296965997
10.5,100.75,2.08699999999988,1.57211978205023,1.7681251910944
11.0,100.75,1.85299999999991,1.57196993796086,1.24026445017303
11.5,100.75,1.72399999999992,1.5699765955564,0.978806693141832
12.0,100.75,1.63599999999993,1.57195056841778,0.813816108697518
10.0,101,2.42499999999984,-1.57233500889293,4.37516737524267
10.5,101,2.10499999999988,1.57116121777123,1.81808450276125
11.0,101,1.86099999999991,1.57143122419765,1.26238443670123
11.5,101,1.72899999999992,1.56911413166035,0.993019953585944
12.0,101,1.63999999999993,1.57242710866447,0.825304242444601
10.0,101.25,2.36399999999985,-1.57114960793075,4.21352085448332
10.5,101.25,2.12399999999988,1.56958924233937,1.87109988568177
11.0,101.25,1.8689999999999,1.5703822949407,1.28459703720793
11.5,101.25,1.73499999999992,1.57137410264094,1.00964113553968
12.0,101.25,1.64299999999993,1.56930419035237,0.834533721717046
10.0,101.5,2.31399999999986,-1.57220809525439,4.08520486976112
10.5,101.5,2.14499999999987,1.56975233459365,1.92983667709493
11.0,101.5,1.8779999999999,1.57161205847422,1.30935317464606
11.5,101.5,1.73999999999992,1.56988007700698,1.02393421467491
12.0,101.5,1.64699999999993,1.56942171531223,0.846099365575701
10.0,101.75,2.27099999999986,-1.57174778012137,3.97756360296179
10.5,101.75,2.16799999999987,1.57178669303865,1.99465704757617
11.0,101.75,1.8869999999999,1.5719993430593,1.33428105029222
11.5,101.75,1.74599999999992,1.57143764837263,1.04071051134656
12.0,101.75,1.65099999999993,1.56940404768177,0.857786712284769
10.0,102,2.23399999999986,-1.56967695075282,3.88707942974583
10.5,102,2.19199999999987,1.57103004770604,2.06267378280123
11.0,102,1.8959999999999,1.57145722538052,1.35929917495869
11.5,102,1.75099999999992,1.56923441357496,1.05508956243717
12.0,102,1.65499999999993,1.56922623111033,0.869449429359311
10.0,102.25,2.20099999999987,-1.57105904827675,3.80842034155032
10.5,102.25,2.21799999999987,1.56975127188711,2.13684787293904
11.0,102.25,1.9049999999999,1.56984599753611,1.38449305241596
11.5,102.25,1.75699999999992,1.57007473469102,1.07195841436734
12.0,102.25,1.65999999999993,1.57215296459172,0.883386533268074
10.0,102.5,2.17099999999987,-1.5712906047644,3.73809798582282
10.5,102.5,2.24699999999986,1.56998726049659,2.22022223706032
11.0,102.5,1.9149999999999,1.57064398411516,1.41225376416574
11.5,102.5,1.76299999999992,1.5705297322049,1.08888800740171
12.0,102.5,1.66399999999993,1.57150818437613,0.89510145749982
10.0,102.75,2.14399999999987,-1.57220494110219,3.67619133164332
10.5,102.75,2.27899999999986,1.56979682898661,2.31298650060619
11.0,102.75,1.9249999999999,1.57035279521555,1.44019433205934
11.5,102.75,1.76899999999992,1.5705808918291,1.10587449196376
12.0,102.75,1.66799999999993,1.57061488321305,0.906842758476506
10.0,103,2.11899999999988,-1.57217243086097,3.61970598460772
10.5,103,2.31399999999986,1.57175032729081,2.41585011242534
11.0,103,1.9359999999999,1.57231483897677,1.47084851040805
11.5,103,1.77499999999992,1.57021332067036,1.12291643343688
12.0,103,1.67199999999993,1.56954268282884,0.918659080696229
10.0,103.25,2.09599999999988,-1.57248906386907,3.56867892935054
10.5,103.25,2.35499999999985,1.57239434103874,2.53721227278008
11.0,103.25,1.9459999999999,1.56954221734859,1.49900165415058
11.5,103.25,1.78099999999991,1.56940917645378,1.14001196606289
12.0,103.25,1.67699999999993,1.57166348717261,0.932826572216987
10.0,103.5,2.07399999999988,-1.57023619589201,3.52018430530336
10.5,103.5,2.40199999999985,1.57157844698875,2.67810173742391
11.0,103.5,1.9579999999999,1.57213657143406,1.53254557271041
11.5,103.5,1.78799999999991,1.57156192307718,1.15967817344908
12.0,103.5,1.68099999999993,1.57016792304723,0.944695764722661
10.0,103.75,2.05399999999988,-1.5700681817967,3.47711957002135
10.5,103.75,2.45799999999984,1.57085400964808,2.84857556626284
11.0,103.75,1.96899999999989,1.56987240685208,1.56355621077874
11.5,103.75,1.79399999999991,1.56983732439047,1.1768886266117
12.0,103.75,1.68599999999993,1.57185018063887,0.958982730675647
10.0,104,2.03599999999989,-1.57242267069765,3.43940909729297
10.5,104,2.52699999999983,1.56935896020224,3.06277855995933
11.0,104,1.98199999999989,1.57167677255051,1.59997800384805
11.5,104,1.80099999999991,1.57101979006175,1.19669115388885
12.0,104,1.68999999999992,1.56989070942516,0.970921453186555
10.0,104.25,2.01799999999989,-1.57106840378351,3.40152206668623
10.5,104.25,2.61799999999982,1.56983098139968,3.35249779587472
11.0,104.25,1.99399999999989,1.56942196940438,1.63401153773972
11.5,104.25,1.80799999999991,1.57172068452106,1.2165351480548
12.0,104.25,1.69499999999992,1.57104776065787,0.98528031185038
10.0,104.5,2.00099999999989,-1.57012001630584,3.3661819117334
10.5,104.5,2.74799999999981,1.569370603717,3.78126739359586
11.0,104.5,2.00799999999989,1.57199600152976,1.67361080101462
11.5,104.5,1.81499999999991,1.57184392508363,1.23648420620664
12.0,104.5,1.69999999999992,1.57200358173719,0.999719846982384
10.0,104.75,1.98499999999989,-1.5692171036733,3.3334467334384
10.5,104.75,2.98199999999978,1.57123099979315,4.59940193369961
11.0,104.75,2.02099999999989,1.5691411020798,1.71067065148796
11.5,104.75,1.82199999999991,1.57095146752537,1.25637278245285
12.0,104.75,1.70399999999992,1.56931097533213,1.01180987769358
10.0,105,1.97099999999989,-1.57237284481534,3.30604715765977
10.5,105,3.32799999999974,-1.5701213141323,7.64915230129034
11.0,105,2.03599999999989,1.57070601259446,1.75338925706951
11.5,105,1.82899999999991,1.56990818890583,1.27645422404678
12.0,105,1.70899999999992,1.56967395057481,1.02635535328962
10.0,105.25,1.9559999999999,-1.56969473836617,3.27572805499892
10.5,105.25,2.8069999999998,-1.57230379687908,5.73183073198023
11.0,105.25,2.05099999999989,1.56982495875681,1.79635396917196
11.5,105.25,1.83699999999991,1.57163551575843,1.29929047814642
12.0,105.25,1.71399999999992,1.5698190292671,1.04086067842378
10.0,105.5,1.9429999999999,-1.57161599528995,3.2507020702122
10.5,105.5,2.62899999999982,-1.57064159660881,5.15629124604215
11.0,105.5,2.06699999999988,1.56949612730753,1.84232463800876
11.5,105.5,1.84399999999991,1.56933362022156,1.31954694906532
12.0,105.5,1.71899999999992,1.56967965161523,1.05547518367757
10.0,105.75,1.9299999999999,-1.57154056967639,3.22551952984116
10.5,105.75,2.51899999999983,-1.57197716070612,4.82219557820008
11.0,105.75,2.08399999999988,1.56951583011768,1.89138166518227
11.5,105.75,1.85199999999991,1.56965810271934,1.34238281960791
12.0,105.75,1.72399999999992,1.5692289391951,1.07011344466522
10.0,106,1.9169999999999,-1.56962014191228,3.20020982660323
10.5,106,2.43799999999984,-1.57170009480994,4.58669485729622
11.0,106,2.10199999999988,1.56941172717239,1.94351254680655
11.5,106,1.85999999999991,1.56936114010555,1.36545521251336
12.0,106,1.72999999999992,1.57190050040619,1.08732568208555
10.0,106.25,1.9049999999999,-1.57036717560845,3.17754520296105
10.5,106.25,2.37399999999985,-1.5696089695971,4.40692742578441
11.0,106.25,2.12199999999988,1.57214433266675,2.00169640618877
11.5,106.25,1.8689999999999,1.57160330594853,1.39108733403527
12.0,106.25,1.73499999999992,1.57081822424707,1.10207122669419
10.0,106.5,1.8939999999999,-1.57188276688889,3.15730936870626
10.5,106.5,2.32199999999986,-1.57005025386698,4.26565658327544
11.0,106.5,2.14199999999988,1.57005785574641,2.06012586760036
11.5,106.5,1.8769999999999,1.5699360806215,1.41421127410582
12.0,106.5,1.73999999999992,1.5694463585877,1.11696354025574
10.0,106.75,1.8829999999999,-1.57218126476093,3.13705379908797
10.5,106.75,2.27799999999986,-1.57110472157196,4.14932388076933
11.0,106.75,2.16399999999987,1.57015123611069,2.12487486887852
11.5,106.75,1.8859999999999,1.57053683358319,1.4400914221782
12.0,106.75,1.74599999999992,1.57107517061873,1.13426419644061
10.0,107,1.8719999999999,-1.57095737298638,3.11662721991197
10.5,107,2.23999999999986,-1.57182306576508,4.05129527463411
11.0,107,2.18799999999987,1.57070843985319,2.19586005589852
11.5,107,1.8949999999999,1.57024228756009,1.46610329027592
12.0,107,1.75199999999992,1.57239097266698,1.15171000464575
10.0,107.25,1.86199999999991,-1.57175950749794,3.09866519866014
10.5,107.25,2.20699999999987,-1.57239901359444,3.96815817611177
11.0,107.25,2.21399999999987,1.57124262445349,2.27334122948635
11.5,107.25,1.9049999999999,1.57226857756975,1.49497840917144
12.0,107.25,1.75699999999992,1.56995230438877,1.16669084655452
10.0,107.5,1.85199999999991,-1.57151108747599,3.08067662873985
10.5,107.5,2.17599999999987,-1.57134293194249,3.89105431340021
11.0,107.5,2.24199999999986,1.5701750261549,2.35736869656381
11.5,107.5,1.9139999999999,1.5699682270261,1.52116748689176
12.0,107.5,1.76299999999992,1.57050084784541,1.18420886799136
10.0,107.75,1.84199999999991,-1.57031352412509,3.06261971177427
10.5,107.75,2.14799999999987,-1.57073394414932,3.82284504622189
11.0,107.75,2.27299999999986,1.56926837230949,2.45117748335511
11.5,107.75,1.9239999999999,1.56996990750129,1.55021752221052
12.0,107.75,1.76899999999992,1.57066374182399,1.20180847225145
10.0,108,1.83299999999991,-1.57134608648207,3.04707891639092
10.5,108,2.12299999999988,-1.5721202676965,3.7633501113719
11.0,108,2.30699999999986,1.56960694316593,2.55536557596329
11.5,108,1.9349999999999,1.5722472384565,1.58210578306601
12.0,108,1.77499999999992,1.57042615036735,1.21948921373872
10.0,108.25,1.82399999999991,-1.57147848104669,3.03144408279149
10.5,108.25,2.09899999999988,-1.57012632210903,3.70655344186861
11.0,108.25,2.34699999999985,1.57244721998983,2.67911465969361
11.5,108.25,1.9449999999999,1.56981026622052,1.61137437863323
12.0,108.25,1.78099999999991,1.56977166054584,1.23725058522618
10.0,108.5,1.81499999999991,-1.57064195507997,3.01571441865134
10.5,108.5,2.07699999999988,-1.56931417121149,3.65554334724136
11.0,108.5,2.39199999999985,1.57055405604934,2.81981587170345
11.5,108.5,1.9559999999999,1.56938825495421,1.64349614809849
12.0,108.5,1.78799999999991,1.57202373271184,1.25759738951891
10.0,108.75,1.80699999999991,-1.57234381073569,3.00250655794915
10.5,108.75,2.05699999999988,-1.56993548719454,3.61012666570502
11.0,108.75,2.44599999999984,1.57112307759403,2.99135579564686
11.5,108.75,1.96799999999989,1.57088994701814,1.67853316726867
12.0,108.75,1.79399999999991,1.57044804266907,1.27545490642021
10.0,109,1.79799999999991,-1.56979150279462,2.98657572692754
10.5,109,2.03799999999989,-1.56975178163106,3.56741137478826
11.0,109,2.51199999999983,1.57161886753696,3.20499224291514
11.5,109,1.97999999999989,1.57083631365001,1.71377535387023
12.0,109,1.80099999999991,1.57176472524112,1.29598193507556
10.0,109.25,1.78999999999991,-1.5699362374561,2.97321348816736
10.5,109.25,2.02099999999989,-1.57243153524396,3.53037970752202
11.0,109.25,2.59699999999983,1.57166069033474,3.48675123756715
11.5,109.25,1.99299999999989,1.57134147064507,1.7518847503545
12.0,109.25,1.80699999999991,1.56922220645271,1.31402293604055
10.0,109.5,1.78199999999991,-1.56936637043299,2.95976031184256
10.5,109.5,2.00399999999989,-1.5721292928202,3.49311999888949
11.0,109.5,2.71499999999981,1.57206899728868,3.89096431557575
11.5,109.5,2.00599999999989,1.57105747855119,1.79027789507779
12.0,109.5,1.81399999999991,1.56948898549266,1.33457979040875
10.0,109.75,1.77499999999992,-1.57156166882082,2.94889346618771
10.5,109.75,1.98799999999989,-1.57178988001801,3.45857347502686
11.0,109.75,2.91399999999979,1.57116692844975,4.60801136316789
11.5,109.75,2.01999999999989,1.57213890563727,1.83173923371495
12.0,109.75,1.82199999999991,1.57217117804415,1.3579050428986
10.0,110,1.76699999999992,-1.56965412576202,2.9352853758838
10.5,110,1.97299999999989,-1.57211649118158,3.42673784546735
11.0,110,3.95699999999968,1.57034686978013,9.15057155977746
11.5,110,2.03399999999989,1.57193254595215,1.87352200941798
12.0,110,1.82899999999991,1.57129916936096,1.37872977634688
10.0,110.25,1.75999999999992,-1.57026746053725,2.92419941310701
10.5,110.25,1.9579999999999,-1.56991760621471,3.39473616455524
11.0,110.25,2.8689999999998,-1.57016378355545,6.18503289019433
11.5,110.25,2.04899999999989,1.57073261357207,1.91807409476045
12.0,110.25,1.83599999999991,1.56980898147516,1.3996163446456
10.0,110.5,1.75299999999992,-1.57055978015799,2.91305985299389
10.5,110.5,1.9449999999999,-1.5722792234211,3.36828272146132
11.0,110.5,2.66099999999982,-1.57031242821576,5.46640872818316
11.5,110.5,2.06499999999988,1.57116684795258,1.96596153400238
12.0,110.5,1.84399999999991,1.57107901964242,1.42340387267669
10.0,110.75,1.74599999999992,-1.57027252169932,2.90185283901035
10.5,110.75,1.9309999999999,-1.56923621390293,3.33879202519099
11.0,110.75,2.53999999999983,-1.56962309767169,5.07593753358721
11.5,110.75,2.08199999999988,1.5720152516943,2.01706291493934
12.0,110.75,1.85199999999991,1.57166628310895,1.44716830540886
10.0,111,1.73899999999992,-1.56945379934673,2.89057316269834
10.5,111,1.9189999999999,-1.57104048533731,3.31493481105171
11.0,111,2.45499999999984,-1.57103641701048,4.81457523990305
11.5,111,2.09899999999988,1.56950348839872,2.06839270189349
12.0,111,1.85999999999991,1.57150597588604,1.47102118537604
10.0,111.25,1.73299999999992,-1.57152777808883,2.88183985570581
10.5,111.25,1.9069999999999,-1.57204637801788,3.29093143803363
11.0,111.25,2.38699999999985,-1.56990945029993,4.61249908278159
11.5,111.25,2.11799999999988,1.56994066060843,2.12598373048211
12.0,111.25,1.86799999999991,1.57062050317653,1.49496717545032
10.0,111.5,1.72599999999992,-1.56969446949019,2.87045223154922
10.5,111.5,1.8949999999999,-1.57056815673223,3.26676562075884
11.0,111.5,2.33299999999985,-1.57130372521443,4.45757961673455
11.5,111.5,2.13799999999988,1.5691998247842,2.18692344619026
12.0,111.5,1.8759999999999,1.56921929831277,1.51900043723345
10.0,111.75,1.71999999999992,-1.57079591673938,2.86156905735839
10.5,111.75,1.8839999999999,-1.57115336787391,3.24533932073757
11.0,111.75,2.28699999999986,-1.57115129542469,4.32886415640954
11.5,111.75,2.15999999999987,1.57044637225115,2.25430878106985
12.0,111.75,1.8849999999999,1.57006490517354,1.54583495700804
10.0,112,1.71399999999992,-1.57142382017648,2.85260145308053
10.5,112,1.8729999999999,-1.57020454948843,3.22373893049785
11.0,112,2.24799999999986,-1.57218000818964,4.22264244556712
11.5,112,2.18299999999987,1.56948504332578,2.32527194915
12.0,112,1.8939999999999,1.57003666531638,1.57282585901515
10.0,112.25,1.70799999999992,-1.57164262948433,2.8436003820866
10.5,112.25,1.86299999999991,-1.57137781156693,3.20480750806343
11.0,112.25,2.21199999999987,-1.56931285556917,4.12599538427551
11.5,112.25,2.20899999999987,1.57240356200948,2.4060654480472
12.0,112.25,1.9039999999999,1.57234291951204,1.60279922781579
10.0,112.5,1.70199999999992,-1.57144519766218,2.8345448949082
10.5,112.5,1.85299999999991,-1.57124057003914,3.1856909143867
11.0,112.5,2.18199999999987,-1.57092341971918,4.04805599230961
11.5,112.5,2.23599999999986,1.56980014741051,2.49035455519906
12.0,112.5,1.9129999999999,1.57035455760482,1.62998614035777
10.0,112.75,1.69599999999992,-1.57087117579682,2.82546197616408
10.5,112.75,1.84299999999991,-1.5702617284923,3.16658254077033
11.0,112.75,2.15399999999987,-1.57246389528741,3.97637982824714
11.5,112.75,2.26599999999986,1.57170982956772,2.58536021819035
12.0,112.75,1.9229999999999,1.57067379888776,1.66013170533371
10.0,113,1.68999999999992,-1.56990673451515,2.81627557931372
10.5,113,1.83399999999991,-1.57150290551759,3.15011027659377
11.0,113,2.12799999999988,-1.57236826062317,3.91073475929111
11.5,113,2.29999999999986,1.57199191555317,2.69360244241601
12.0,113,1.9329999999999,1.56985614432298,1.69042324243124
10.0,113.25,1.68499999999993,-1.57229304071341,2.80964115415919
10.5,113.25,1.82499999999991,-1.57171884974304,3.1335168206391
11.0,113.25,2.10399999999988,-1.57181623413775,3.85107432358461
11.5,113.25,2.33699999999985,1.56941926897866,2.81262100769375
12.0,113.25,1.9439999999999,1.57125551172113,1.72368370230903
10.0,113.5,1.67899999999993,-1.57058483865085,2.80037776121307
10.5,113.5,1.81599999999991,-1.57117339008991,3.11688821126542
11.0,113.5,2.08199999999988,-1.57213412389344,3.79740960404317
11.5,113.5,2.38099999999985,1.57031437102546,2.95593111210071
12.0,113.5,1.9549999999999,1.57125034058109,1.757072591077
10.0,113.75,1.67399999999993,-1.57194385125124,2.79361100557571
10.5,113.75,1.80699999999991,-1.56967442763351,3.10011200290047
11.0,113.75,2.06099999999988,-1.57065253791715,3.74658592886511
11.5,113.75,2.43299999999984,1.57231679224917,3.12792069249987
12.0,113.75,1.96599999999989,1.56982085885134,1.79059875505459
10.0,114,1.66799999999993,-1.56957757023794,2.78423028514575
10.5,114,1.79899999999991,-1.57065059517865,3.08601604081582
11.0,114,2.04199999999989,-1.57141900907082,3.70170651411534
11.5,114,2.49499999999984,1.57158062537425,3.336501135971
12.0,114,1.97799999999989,1.57023964094078,1.82718212010314
10.0,114.25,1.66299999999993,-1.57027808714401,2.77738047742245
10.5,114.25,1.79099999999991,-1.57094729976715,3.0718454816607
11.0,114.25,2.02399999999989,-1.5716531497595,3.6596727699451
11.5,114.25,2.57399999999983,1.57167242364103,3.60847230686263
12.0,114.25,1.99099999999989,1.57126051203738,1.86678251156541
10.0,114.5,1.65799999999993,-1.57067411549236,2.77047783396581
10.5,114.5,1.78299999999991,-1.57051470662307,3.05758843024358
11.0,114.5,2.00699999999989,-1.57170538068571,3.62045857976529
11.5,114.5,2.67999999999982,1.56978174354303,3.98427039803922
12.0,114.5,2.00399999999989,1.5715555664186,1.90668706683324
10.0,114.75,1.65299999999993,-1.57077915380218,2.76352374057262
10.5,114.75,1.77499999999992,-1.56943773474363,3.04323914783888
11.0,114.75,1.99099999999989,-1.57245283834599,3.58412215243554
11.5,114.75,2.8479999999998,1.5692872741121,4.60703869168425
12.0,114.75,2.01699999999989,1.5698671991954,1.94675233806265
10.0,115,1.64799999999993,-1.57059775384956,2.75651790987477
10.5,115,1.76799999999992,-1.57103084905509,3.03157854014092
11.0,115,1.97499999999989,-1.57000742794908,3.54759116468346
11.5,115,3.27799999999975,1.57020523893684,6.35967612332457
12.0,115,2.03099999999989,1.56939957652634,1.99000473627369
10.0,115.25,1.64299999999993,-1.57017341183516,2.74946971548012
10.5,115.25,1.76099999999992,-1.57183893637133,3.01979076646113
11.0,115.25,1.96099999999989,-1.57180161488845,3.51692177252896
11.5,115.25,2.95699999999979,-1.56994281995541,6.76505968901184
12.0,115.25,2.04599999999989,1.56989943258618,2.03648583140392
10.0,115.5,1.63799999999993,-1.56944394153763,2.74236994145227
10.5,115.5,1.75399999999992,-1.57223489131409,3.00795783473577
11.0,115.5,1.9469999999999,-1.57125764236362,3.48608930962956
11.5,115.5,2.70299999999981,-1.56925142412881,5.82328368998252
12.0,115.5,2.06199999999988,1.57119183963832,2.08627459072107
10.0,115.75,1.63399999999993,-1.57184362407091,2.73778924643099
10.5,115.75,1.74699999999992,-1.57207563177984,2.99605547084013
11.0,115.75,1.9339999999999,-1.5720482067007,3.45805591133778
11.5,115.75,2.56799999999983,-1.57235188175874,5.36079088315604
12.0,115.75,2.07799999999988,1.5695548478977,2.13627281165329
10.0,116,1.62899999999993,-1.57059063522041,2.73061858202413
10.5,116,1.73999999999992,-1.57135673574989,2.98409334114024
11.0,116,1.9209999999999,-1.57092383220269,3.42989634727779
11.5,116,2.47399999999984,-1.56953791317385,5.05393183019104
12.0,116,2.09599999999988,1.57145817100339,2.19277709331713
10.0,116.25,1.62499999999993,-1.57250643212115,2.72593419556637
10.5,116.25,1.73299999999992,-1.57012337524039,2.97206254913178
11.0,116.25,1.9089999999999,-1.57233690486376,3.40460066260678
11.5,116.25,2.40299999999985,-1.57056837000858,4.83151397045926
12.0,116.25,2.11399999999988,1.56948417262306,2.24953628414118
10.0,116.5,1.61999999999993,-1.57080621080024,2.71870197646592
10.5,116.5,1.72699999999992,-1.57179442890907,2.96266540349017
11.0,116.5,1.8969999999999,-1.57127707510813,3.37919136901447
11.5,116.5,2.34599999999985,-1.57159153593296,4.65870066589238
12.0,116.5,2.13399999999988,1.57056672139617,2.31293092343905
10.0,116.75,1.61599999999993,-1.57225620853302,2.71393437020579
10.5,116.75,1.71999999999992,-1.56959506646503,2.95050722969915
11.0,116.75,1.8859999999999,-1.5721518088393,3.35653554117934
11.5,116.75,2.29799999999986,-1.57125708797354,4.51699650638168
12.0,116.75,2.15499999999987,1.57011599131357,2.37986683580172
10.0,117,1.61099999999993,-1.57006287621446,2.7066127089162
10.5,117,1.71399999999992,-1.57034940781929,2.94101214334392
11.0,117,1.8749999999999,-1.57151900630359,3.33376176162002
11.5,117,2.25699999999986,-1.57226252131107,4.39912337098896
12.0,117,2.17799999999987,1.57048990637638,2.45356162000455
10.0,117.25,1.60699999999993,-1.57104661827789,2.7017498522864
10.5,117.25,1.70799999999992,-1.57065692007198,2.93143167075915
11.0,117.25,1.86399999999991,-1.56959634751704,3.31087963034434
11.5,117.25,2.22099999999987,-1.57157848190131,4.29772993555599
12.0,117.25,2.20299999999987,1.5717488018871,2.53433049914267
10.0,117.5,1.60299999999993,-1.57184984451581,2.69687154155128
10.5,117.5,1.70199999999992,-1.57054906725688,2.92179608860625
11.0,117.5,1.85399999999991,-1.5697331021292,3.29071606589987
11.5,117.5,2.18799999999987,-1.56967942141572,4.20637827448531
12.0,117.5,2.22999999999987,1.57215186380078,2.62218936079814
10.0,117.75,1.59899999999993,-1.57244229848296,2.69195668129823
10.5,117.75,1.69599999999992,-1.57004114793307,2.91209501686019
11.0,117.75,1.84499999999991,-1.57227401261266,3.27341952926331
11.5,117.75,2.15999999999987,-1.57042208442483,4.13097742626
12.0,117.75,2.25799999999986,1.57026196341628,2.71426672663026
10.0,118,1.59399999999994,-1.56942685389306,2.68447497499998
10.5,118,1.68999999999992,-1.56915420173429,2.90232855282362
11.0,118,1.83499999999991,-1.57049419606117,3.25317136021386
11.5,118,2.13399999999988,-1.57239776052231,4.0621944734889
12.0,118,2.29099999999986,1.57097741124099,2.82346498082448
10.0,118.25,1.58999999999994,-1.56962307936608,2.67949305335337
10.5,118.25,1.68499999999993,-1.57126473790665,2.89523721242586
11.0,118.25,1.82599999999991,-1.57098834418314,3.23567849017156
11.5,118.25,2.10899999999988,-1.57043757949071,3.99641092128248
12.0,118.25,2.32699999999985,1.56967377984697,2.94387344954136
10.0,118.5,1.58599999999994,-1.56963182604138,2.67447441437233
10.5,118.5,1.67899999999993,-1.56997915381385,2.88539122205232
11.0,118.5,1.81699999999991,-1.5705746391964,3.21809176196843
11.5,118.5,2.08599999999988,-1.56923739313609,3.93692280286737
12.0,118.5,2.36899999999985,1.57016928152002,3.08601569028151
10.0,118.75,1.58199999999994,-1.56952319515161,2.66945680022742
10.5,118.75,1.67399999999993,-1.57140226238602,2.87816795752941
11.0,118.75,1.80799999999991,-1.56931372357307,3.20038749695377
11.5,118.75,2.06599999999988,-1.57206830670246,3.88688109100735
12.0,118.75,2.41799999999984,1.57072168268861,3.25418166844815
10.0,119,1.57799999999994,-1.56917035898027,2.6643681065455
10.5,119,1.66899999999993,-1.5725022859024,2.87087969552695
11.0,119,1.79999999999991,-1.57055387337912,3.18552186200574
11.5,119,2.04599999999989,-1.57064829118338,3.83659773882745
12.0,119,2.47699999999984,1.57224437870278,3.46024626362453
10.0,119.25,1.57499999999994,-1.57205628006153,2.66177280064254
10.5,119.25,1.66299999999993,-1.56987417362521,2.86088086901028
11.0,119.25,1.79199999999991,-1.57095767130822,3.17050826729168
11.5,119.25,2.02799999999989,-1.57200167298882,3.79251517715609
12.0,119.25,2.54999999999983,1.57185490068309,3.72056946589246
10.0,119.5,1.57099999999994,-1.57135636512586,2.6566247697825
10.5,119.5,1.65799999999993,-1.57033408179528,2.85351001720421
11.0,119.5,1.78399999999991,-1.57069355017265,3.15544617424329
11.5,119.5,2.00999999999989,-1.56949801232036,3.74817271489567
12.0,119.5,2.64599999999982,1.57141841051706,4.0724696415716
10.0,119.75,1.56699999999994,-1.57046268184447,2.65141612073953
10.5,119.75,1.65299999999993,-1.57049735233648,2.84608771692244
11.0,119.75,1.77599999999992,-1.56974487125662,3.14028666962002
11.5,119.75,1.99399999999989,-1.5706790459416,3.71007224389609
12.0,119.75,2.7889999999998,1.57169670471687,4.61742055241373
10.0,120,1.56299999999994,-1.5694418227297,2.64619423346126
10.5,120,1.64799999999993,-1.57040165564485,2.83861795043603
11.0,120,1.76899999999992,-1.57153363163028,3.12792769906486
11.5,120,1.97799999999989,-1.56930384078312,3.67173515983566
12.0,120,3.06899999999977,1.56997013367398,5.75959413495162
10.0,120.25,1.55999999999994,-1.57167423682495,2.64347269286439
10.5,120.25,1.64299999999993,-1.56999941777754,2.83110244184039
11.0,120.25,1.76099999999992,-1.56929191103338,3.11262054931349
11.5,120.25,1.96399999999989,-1.57175764812933,3.63954911340591
12.0,120.25,3.12599999999977,-1.5723466114678,7.73103313498064
10.0,120.5,1.55599999999994,-1.57036814019329,2.63820062763242
10.5,120.5,1.63799999999993,-1.56931868388005,2.82353959754912
11.0,120.5,1.75399999999992,-1.56964140470528,3.10007027554479
11.5,120.5,1.9499999999999,-1.57180481062576,3.60715450041349
12.0,120.5,2.76099999999981,-1.5717731831041,6.25692854109988
10.0,120.75,1.55299999999994,-1.57230115167852,2.63541150295865
10.5,120.75,1.63399999999993,-1.57178071244915,2.8185908642066
11.0,120.75,1.74699999999992,-1.56957686916288,3.08751683027037
11.5,120.75,1.9359999999999,-1.56977315907632,3.57462076158797
12.0,120.75,2.60199999999982,-1.5707631609464,5.67598919395297
10.0,121,1.54899999999994,-1.57066429298016,2.63008087849663
10.5,121,1.62899999999993,-1.57057793881423,2.81095211587922
11.0,121,1.74099999999992,-1.57241331951537,3.07766346968413
11.5,121,1.9229999999999,-1.56917250622119,3.54501441359682
12.0,121,2.49899999999984,-1.57066385742683,5.32035919402539
10.0,121.25,1.54599999999994,-1.57231135437308,2.62722811311008
10.5,121.25,1.62399999999993,-1.56914795224671,2.80325413363688
11.0,121.25,1.73399999999992,-1.57129663684614,3.06494577134056
11.5,121.25,1.9109999999999,-1.57104745887286,3.51848439966445
12.0,121.25,2.42299999999984,-1.56979262736368,5.06855237751426
10.0,121.5,1.54199999999994,-1.57039612265952,2.62183409337607
10.5,121.5,1.61999999999993,-1.57086150346822,2.79819554893122
11.0,121.5,1.72699999999992,-1.56968296653162,3.05216071970155
11.5,121.5,1.8989999999999,-1.57033978766804,3.49170854163549
12.0,121.5,2.36099999999985,-1.56960638218682,4.86979753624898
10.0,121.75,1.53899999999994,-1.57176078915091,2.61893175252238
10.5,121.75,1.61599999999993,-1.57240081690342,2.79308086619463
11.0,121.75,1.72099999999992,-1.57099148867261,3.04212722411764
11.5,121.75,1.8879999999999,-1.57151485081008,3.46789861942455
12.0,121.75,2.31099999999986,-1.57107514069744,4.7146043458995
10.0,122,1.53499999999994,-1.56961115860809,2.61345760150321
10.5,122,1.61099999999993,-1.57023642895226,2.7852763246777
11.0,122,1.71499999999992,-1.57184550841003,3.03202362567516
11.5,122,1.8769999999999,-1.57142069145271,3.44401940104541
12.0,122,2.26799999999986,-1.57144062516801,4.58423972198268
10.0,122.25,1.53199999999994,-1.57069631079635,2.61052716768815
10.5,122.25,1.60699999999993,-1.57128173016256,2.78006627194935
11.0,122.25,1.70899999999992,-1.57230371264831,3.02190175801192
11.5,122.25,1.86599999999991,-1.56983522073269,3.41996389463112
12.0,122.25,2.23099999999987,-1.57211793882658,4.47477004528386
10.0,122.5,1.52899999999994,-1.57169615341696,2.60754349898051
10.5,122.5,1.60299999999993,-1.57212411466613,2.77482721184355
11.0,122.5,1.70299999999992,-1.57227078333073,3.01166104969521
11.5,122.5,1.85599999999991,-1.57042022777908,3.3988396100474
12.0,122.5,2.19699999999987,-1.57042512191989,4.37572203555682
10.0,122.75,1.52499999999994,-1.56912652598551,2.60200994578351
10.5,122.75,1.59799999999993,-1.56935638220391,2.76690623888464
11.0,122.75,1.69699999999992,-1.57185077560268,3.00139207587228
11.5,122.75,1.84599999999991,-1.56973833659659,3.3775249351361
12.0,122.75,2.16699999999987,-1.57063631963619,4.29033210812216
10.0,123,1.52199999999994,-1.56985600826819,2.59896972893437
10.5,123,1.59399999999994,-1.56978589170935,2.76160373061141
11.0,123,1.69099999999992,-1.57103832262977,2.99107162235258
11.5,123,1.83699999999991,-1.57164583671166,3.35923525926914
12.0,123,2.14099999999988,-1.57209600178107,4.21810788202965
10.0,123.25,1.51899999999994,-1.57046558647729,2.59590442339223
10.5,123.25,1.58999999999994,-1.57002216085766,2.75626812807088
11.0,123.25,1.68499999999993,-1.56986496493493,2.98067581200046
11.5,123.25,1.82799999999991,-1.5724082361554,3.34081103405083
12.0,123.25,2.11599999999988,-1.57216645650955,4.14931926962076
10.0,123.5,1.51599999999994,-1.57095934597713,2.59281181569785
10.5,123.5,1.58599999999994,-1.57006952998681,2.7508891730119
11.0,123.5,1.67999999999993,-1.57205879617072,2.97305751978277
11.5,123.5,1.81899999999991,-1.57222157113418,3.32229684380856
12.0,123.5,2.09199999999988,-1.56916795568875,4.08364918195781
10.0,123.75,1.51299999999994,-1.57137024690119,2.58969265053454
10.5,123.75,1.58199999999994,-1.56993316386983,2.74547469101441
11.0,123.75,1.67399999999993,-1.57016309926236,2.96257876295659
11.5,123.75,1.80999999999991,-1.5711568084084,3.30370112014665
12.0,123.75,2.07099999999988,-1.57056112230943,4.02799911317233
10.0,124,1.50999999999994,-1.57163914601943,2.58654635458432
10.5,124,1.57799999999994,-1.56968187892337,2.74006099102328
11.0,124,1.66899999999993,-1.57133602223834,2.95483571717864
11.5,124,1.80099999999991,-1.56929636582079,3.28498281882238
12.0,124,2.05099999999989,-1.57084291855997,3.97543098234478
10.0,124.25,1.50699999999994,-1.57179744878113,2.58337562117656
10.5,124.25,1.57399999999994,-1.569190051749,2.73457915994979
11.0,124.25,1.66399999999993,-1.57219152166146,2.94703327829058
11.5,124.25,1.79299999999991,-1.56995708600464,3.26924041997978
12.0,124.25,2.03199999999989,-1.56951166671756,3.92592113289608
10.0,124.5,1.50399999999995,-1.57184910998773,2.58018219461591
10.5,124.5,1.57099999999994,-1.57194714745834,2.73169341544951
11.0,124.5,1.65799999999993,-1.56933003598328,2.93640034169833
11.5,124.5,1.78499999999991,-1.56983558710875,3.25331778946067
12.0,124.5,2.01499999999989,-1.57171773916845,3.88290998149773
10.0,124.75,1.50099999999995,-1.57179638223685,2.57696232542647
10.5,124.75,1.56699999999994,-1.57111434340685,2.72615281111991
11.0,124.75,1.65299999999993,-1.56956511673265,2.92851138256361
11.5,124.75,1.77799999999991,-1.5724585739956,3.24033974626389
12.0,124.75,1.99799999999989,-1.570376427908,3.83965529705032
10.0,125,1.49799999999995,-1.5716372833292,2.57372045799425
10.5,125,1.56299999999994,-1.57009535286315,2.72055129746867
11.0,125,1.64799999999993,-1.56951069315147,2.92057218667891
11.5,125,1.76999999999992,-1.57103232418566,3.22432728743826
12.0,125,1.98199999999989,-1.5694901843182,3.79949552423704
10.0,125.25,1.49499999999995,-1.5713782508235,2.5704556070216
10.5,125.25,1.55999999999994,-1.57239260535585,2.71758239197901
11.0,125.25,1.64299999999993,-1.56918713177651,2.91261082268172
11.5,125.25,1.76299999999992,-1.57234948727754,3.21118086462036
12.0,125.25,1.96699999999989,-1.5696618490075,3.76251922580498
10.0,125.5,1.49199999999995,-1.57097992853207,2.56713697994562
10.5,125.5,1.55599999999994,-1.57108592632472,2.71193825087739
11.0,125.5,1.63899999999993,-1.57198862796145,2.90733668433875
11.5,125.5,1.75499999999992,-1.56947904008058,3.19495793095567
12.0,125.5,1.9529999999999,-1.57046744525773,3.72862153991594
10.0,125.75,1.48899999999995,-1.57058416884835,2.56385474565708
10.5,125.75,1.55199999999994,-1.56963550150529,2.70626042651119
11.0,125.75,1.63399999999993,-1.57110106023999,2.89927222771069
11.5,125.75,1.74799999999992,-1.56956709015398,3.1817214518554
12.0,125.75,1.9399999999999,-1.57240318762885,3.69777769574386
10.0,126,1.48599999999995,-1.57003345442002,2.56051569869695
10.5,126,1.54899999999994,-1.5714476710975,2.70319644305925
11.0,126,1.62899999999993,-1.56995978593876,2.89116275426119
11.5,126,1.74099999999992,-1.56912870756287,3.16836824955724
12.0,126,1.9269999999999,-1.57237300371898,3.66677994164273
10.0,126.25,1.48299999999995,-1.56938979026119,2.55715251625879
10.5,126.25,1.54499999999994,-1.56970621979181,2.69745948834774
11.0,126.25,1.62499999999993,-1.57198813613968,2.88576326194493
11.5,126.25,1.73499999999992,-1.57158046966098,3.15787707700985
12.0,126.25,1.9139999999999,-1.57150612591062,3.63575578987905
10.0,126.5,1.48099999999995,-1.57208114301904,2.55629176506034
10.5,126.5,1.54199999999994,-1.57123326677879,2.69434026024165
11.0,126.5,1.61999999999993,-1.57035519843904,2.8775769833919
11.5,126.5,1.72799999999992,-1.57009685143775,3.14440648339543
12.0,126.5,1.9019999999999,-1.57122060946726,3.60767535250024
10.0,126.75,1.47799999999995,-1.57127497845938,2.5528997438886
10.5,126.75,1.53799999999994,-1.56922175261672,2.6885347169285
11.0,126.75,1.61599999999993,-1.57194543911895,2.8721073317279
11.5,126.75,1.72199999999992,-1.57154253901305,3.13378820045742
12.0,126.75,1.8899999999999,-1.56956290517676,3.57951661629954
10.0,127,1.47499999999995,-1.57035843830147,2.54947341538994
10.5,127,1.53499999999994,-1.57047487788597,2.68536572930553
11.0,127,1.61099999999993,-1.56985645785687,2.86383521158642
11.5,127,1.71499999999992,-1.56918054260026,3.12020522494509
12.0,127,1.8789999999999,-1.56982278746955,3.55443819601129
10.0,127.25,1.47199999999995,-1.56936046962053,2.54601601304521
10.5,127.25,1.53199999999994,-1.57160387576333,2.68215014444198
11.0,127.25,1.60699999999993,-1.57095451610094,2.85828979597607
11.5,127.25,1.70899999999992,-1.56970394077708,3.10948294290014
12.0,127.25,1.8689999999999,-1.57202515132223,3.53240999005431
10.0,127.5,1.46999999999995,-1.57169672550774,2.54507808256194
10.5,127.5,1.52799999999994,-1.56921595192528,2.67630389677334
11.0,127.5,1.60299999999993,-1.57184961297097,2.85269132877041
11.5,127.5,1.70299999999992,-1.56980527606438,3.09869305912832
12.0,127.5,1.85799999999991,-1.56957551242465,3.50708111713234
10.0,127.75,1.46699999999995,-1.57052283563128,2.54159078913589
10.5,127.75,1.52499999999994,-1.57009672559294,2.67302847681364
11.0,127.75,1.59799999999993,-1.56910791633262,2.84428578699305
11.5,127.75,1.69699999999992,-1.56946913440213,3.08783146874743
12.0,127.75,1.84799999999991,-1.56936551431768,3.48480416527823
10.0,128,1.46399999999995,-1.56927650347156,2.53806369977645
10.5,128,1.52199999999994,-1.57085349004946,2.6697283595575
11.0,128,1.59399999999994,-1.56959237349416,2.83862212977769
11.5,128,1.69199999999992,-1.57217130761903,3.07984146478928
12.0,128,1.83899999999991,-1.57133187220928,3.46549207871168
10.0,128.25,1.46199999999995,-1.57136200609862,2.53707127676608
10.5,128.25,1.51899999999994,-1.57149163793139,2.66640046046776
11.0,128.25,1.58999999999994,-1.5698769314125,2.83292181631798
11.5,128.25,1.68599999999993,-1.57109483851067,3.06889296634685
12.0,128.25,1.82899999999991,-1.56913317024254,3.44305655234545
10.0,128.5,1.45899999999995,-1.56991099707754,2.53347228679975
10.5,128.5,1.51599999999994,-1.57201208918463,2.66304715667447
11.0,128.5,1.58599999999994,-1.57000802420671,2.82719548655014
11.5,128.5,1.67999999999993,-1.5696592430898,3.05786380892644
12.0,128.5,1.81999999999991,-1.56924100924037,3.42361503524545
10.0,128.75,1.45699999999995,-1.57183229123077,2.53242647505643
10.5,128.75,1.51299999999994,-1.57241732211304,2.659668804171
11.0,128.75,1.58199999999994,-1.56991697868901,2.82141936220184
11.5,128.75,1.67499999999993,-1.57158698952402,3.04973592059164
12.0,128.75,1.81199999999991,-1.57182538378485,3.40721164203045
10.0,129,1.45399999999995,-1.57025787862194,2.52883699582065
10.5,129,1.50899999999994,-1.56932035526177,2.65364502062872
11.0,129,1.57799999999994,-1.56966966127075,2.81564363021133
11.5,129,1.66899999999993,-1.56945066198615,3.03862130781495
12.0,129,1.80299999999991,-1.57022561858062,3.38759969353141
10.0,129.25,1.45199999999995,-1.57210521844857,2.52775848953814
10.5,129.25,1.50599999999994,-1.56949993810191,2.65021949108802
11.0,129.25,1.57399999999994,-1.56921846700295,2.8098036126804
11.5,129.25,1.66399999999993,-1.57038566870369,3.03036924541388
12.0,129.25,1.79499999999991,-1.57115024837518,3.37101941319714
10.0,129.5,1.44899999999995,-1.57038293010682,2.52412511600454
10.5,129.5,1.50299999999995,-1.56956400940873,2.64676900992876
11.0,129.5,1.57099999999994,-1.5720228380375,2.80665927101709
11.5,129.5,1.65899999999993,-1.57100879249751,3.02206263391107
12.0,129.5,1.78699999999991,-1.57131712695469,3.35434372916348
10.0,129.75,1.44699999999995,-1.57202166579985,2.52300097110576
10.5,129.75,1.49999999999995,-1.56953125770436,2.64329201233782
11.0,129.75,1.56699999999994,-1.57122947779402,2.80075826992947
11.5,129.75,1.65399999999993,-1.57132985522056,3.01370234625706
12.0,129.75,1.77899999999991,-1.57068707679674,3.33755250885503
10.0,130,1.44399999999995,-1.57015859212287,2.51932132137226
10.5,130,1.49699999999995,-1.56939860919549,2.63978820692579
11.0,130,1.56299999999994,-1.57027394926398,2.79482349490333
11.5,130,1.64899999999993,-1.57135464223922,3.00529751726746
12.0,130,1.77099999999992,-1.56945724474145,3.32070234192406
